step,system_total_stopped,system_total_waiting_time,system_mean_waiting_time,system_mean_speed,C_stopped,C_accumulated_waiting_time,C_average_speed,agents_total_stopped,agents_total_accumulated_waiting_time
0.0,0,0.0,0.0,0.0,0,0.0,1.0,0,0.0
5.0,0,0.0,0.0,12.417166886884653,0,0.0,0.9268679144410811,0,0.0
10.0,0,0.0,0.0,12.738313041760213,0,0.0,0.9454468558661321,0,0.0
15.0,0,0.0,0.0,11.362950622886054,0,0.0,0.8357890486662811,0,0.0
20.0,5,10.0,0.5,8.657342028709348,5,10.0,0.6318071993883483,5,10.0
25.0,7,38.0,1.4615384615384615,9.07186593310623,6,36.0,0.5975589899561287,6,36.0
30.0,8,76.0,2.6206896551724137,8.888830048967545,7,69.0,0.5869693151005032,7,69.0
35.0,9,109.0,3.6333333333333333,8.24244278284886,9,109.0,0.5489702104227017,9,109.0
40.0,10,158.0,4.9375,8.238400134609856,10,158.0,0.5622925243445102,10,158.0
45.0,11,209.0,6.53125,6.067316666888771,11,209.0,0.3980913393641796,11,209.0
50.0,4,12.0,0.3157894736842105,7.509397917524583,4,90.0,0.5201094234164805,4,90.0
55.0,7,20.0,0.5263157894736842,8.361852275061564,3,17.0,0.6480077851634283,3,17.0
60.0,10,61.0,1.564102564102564,8.910535042226103,6,35.0,0.5949465200201258,6,35.0
65.0,9,83.0,1.9761904761904763,8.033347596458983,7,62.0,0.48049931937416274,7,62.0
70.0,13,117.0,3.1621621621621623,7.126587037506386,12,118.0,0.4303673274057768,12,118.0
75.0,12,161.0,4.025,7.828314945853384,12,161.0,0.49168987122316693,12,161.0
80.0,17,234.0,6.324324324324325,5.981773846402379,14,227.0,0.3530874309898346,14,227.0
85.0,16,302.0,7.55,6.656289674695176,16,292.0,0.36977903943170326,16,292.0
90.0,19,386.0,10.157894736842104,5.669004611746898,19,376.0,0.23058631028878424,19,376.0
95.0,22,487.0,11.325581395348838,5.999601113105395,22,478.0,0.3270799437500369,22,478.0
100.0,24,604.0,12.851063829787234,6.488802676497484,24,595.0,0.39109314999290073,24,595.0
105.0,9,97.0,2.1555555555555554,5.925325168008966,9,303.0,0.4324531434766713,9,303.0
110.0,5,20.0,0.4166666666666667,7.384978291568479,4,52.0,0.47145170190555147,4,52.0
115.0,11,66.0,1.4042553191489362,7.230821559405864,7,39.0,0.36917514095462234,7,39.0
120.0,17,142.0,2.784313725490196,7.986458776786566,9,82.0,0.4809692612545752,9,82.0
125.0,17,227.0,4.365384615384615,7.73831289204739,9,127.0,0.5545818448017428,9,127.0
130.0,2,17.0,0.4146341463414634,8.212178298844368,2,68.0,0.700431276501871,2,68.0
135.0,6,19.0,0.475,7.375235093782733,3,25.0,0.5801449911162275,3,25.0
140.0,18,93.0,2.1136363636363638,6.450982716984422,9,57.0,0.3876365604646184,9,57.0
145.0,17,151.0,3.511627906976744,6.467424143792343,12,115.0,0.4316943506953123,12,115.0
150.0,15,161.0,4.025,6.50408120462478,12,138.0,0.4123641118042919,12,138.0
155.0,17,218.0,4.638297872340425,7.828675837176073,14,184.0,0.5039154883974196,14,184.0
160.0,2,7.0,0.14893617021276595,8.16053297000964,2,130.0,0.5074614218940389,2,130.0
165.0,8,26.0,0.6046511627906976,7.256373349961097,3,18.0,0.481982959919792,3,18.0
170.0,14,77.0,1.75,7.106287223513937,9,46.0,0.44269154824342133,9,46.0
175.0,16,156.0,3.391304347826087,8.128593288795214,11,100.0,0.5062578755398858,11,100.0
180.0,3,29.0,0.7073170731707317,8.254274033580323,2,37.0,0.597777488970261,2,37.0
185.0,6,32.0,0.7619047619047619,8.372767443169959,4,46.0,0.5925332734901605,4,46.0
190.0,13,74.0,1.7619047619047619,7.675938313717495,9,65.0,0.528102432355584,9,65.0
195.0,2,22.0,0.5116279069767442,8.59702806137379,0,36.0,0.6077492140908819,0,36.0
200.0,10,39.0,0.9512195121951219,8.54682888371643,6,18.0,0.6089158264148287,6,18.0
205.0,11,79.0,1.975,8.526737810187061,7,52.0,0.547240595483163,7,52.0
210.0,12,120.0,3.076923076923077,6.897928073117746,7,80.0,0.4452179642045991,7,80.0
215.0,14,186.0,5.027027027027027,6.910371549473128,8,118.0,0.48505845729479075,8,118.0
220.0,15,242.0,5.761904761904762,7.657880661009908,10,165.0,0.548303926817931,10,165.0
225.0,11,239.0,5.829268292682927,7.428371456912574,10,212.0,0.4541256796453856,10,212.0
230.0,7,33.0,0.8461538461538461,7.3340032404973226,7,132.0,0.46036764963735716,7,132.0
235.0,1,7.0,0.16666666666666666,8.5691812785746,1,14.0,0.5073313265790845,1,14.0
240.0,11,53.0,1.358974358974359,8.487279957601062,8,43.0,0.4261151256385054,8,43.0
245.0,4,18.0,0.391304347826087,9.545614907998274,4,49.0,0.605433981122364,4,49.0
250.0,3,24.0,0.6153846153846154,9.558122696534932,2,24.0,0.7068307425191148,2,24.0
255.0,5,43.0,1.1944444444444444,9.859561375606756,4,42.0,0.6904945216103379,4,42.0
260.0,10,79.0,2.257142857142857,7.539693671025892,9,73.0,0.36192194721774923,9,73.0
265.0,9,110.0,2.972972972972973,8.482196868767048,8,118.0,0.5250088244156673,8,118.0
270.0,2,3.0,0.08823529411764706,8.709804453418869,1,22.0,0.6570138298211596,1,22.0
275.0,6,24.0,0.631578947368421,9.926141907458712,3,13.0,0.7545099126763406,3,13.0
280.0,7,43.0,1.131578947368421,9.190814150247746,4,31.0,0.6910285371924423,4,31.0
285.0,0,0.0,0.0,9.321167823343751,0,0.0,0.810962172247739,0,0.0
290.0,5,14.0,0.3888888888888889,9.188681521016559,3,6.0,0.6349631578037233,3,6.0
295.0,7,43.0,1.1944444444444444,9.827752814006908,6,33.0,0.5707468693550726,6,33.0
300.0,1,1.0,0.02857142857142857,10.126373501455582,1,9.0,0.8085492885661145,1,9.0
305.0,3,13.0,0.3939393939393939,9.543224203250025,1,6.0,0.6822405254914823,1,6.0
310.0,7,35.0,1.09375,8.892371761555898,6,27.0,0.5409005139317508,6,27.0
315.0,9,66.0,1.8857142857142857,9.10029335988322,9,66.0,0.5822648912598843,9,66.0
320.0,4,6.0,0.18181818181818182,7.508403989943728,3,25.0,0.5418117045589382,3,25.0
325.0,8,34.0,0.9714285714285714,8.972596071675863,6,29.0,0.6153059005645934,6,29.0
330.0,9,78.0,2.4375,8.41662809502584,7,63.0,0.41446929294815893,7,63.0
335.0,3,23.0,0.5897435897435898,9.2332898848052,3,33.0,0.6581730413524147,3,33.0
340.0,5,26.0,0.6842105263157895,9.646823720809344,2,17.0,0.76337239753596,2,17.0
345.0,6,46.0,1.3142857142857143,9.894565294455779,4,32.0,0.7344441075791202,4,32.0
350.0,5,53.0,1.4722222222222223,9.544007345309048,5,51.0,0.5738110405554409,5,51.0
355.0,2,5.0,0.15625,8.741535877844054,2,11.0,0.5587278262012122,2,11.0
360.0,2,11.0,0.3793103448275862,10.220242857780104,1,8.0,0.6247895430335018,1,8.0
365.0,3,22.0,0.6111111111111112,10.89072485813925,3,22.0,0.7179144162164743,3,22.0
370.0,5,44.0,1.1578947368421053,11.096514701619185,5,44.0,0.7023567222330745,5,44.0
375.0,0,0.0,0.0,10.118135322201649,0,0.0,0.7968273300010135,0,0.0
380.0,5,11.0,0.3793103448275862,8.808660756561068,4,9.0,0.5375265194946112,4,9.0
385.0,7,42.0,1.3548387096774193,9.382441719981129,6,33.0,0.5796909473307884,6,33.0
390.0,8,73.0,2.085714285714286,9.288057532282378,8,71.0,0.5399797882182145,8,71.0
395.0,10,121.0,3.78125,8.835142998425969,10,119.0,0.5532670456095671,10,119.0
400.0,2,11.0,0.3333333333333333,8.706774612772389,1,22.0,0.6996245661827027,1,22.0
405.0,3,7.0,0.21875,9.229012287571017,1,1.0,0.6618529224002665,1,1.0
410.0,7,23.0,0.6216216216216216,9.924735400784332,6,17.0,0.620959290826331,6,17.0
415.0,7,48.0,1.263157894736842,9.78782709207556,7,48.0,0.5692189666519043,7,48.0
420.0,8,87.0,2.9,8.88742640603409,8,87.0,0.5431852613533336,8,87.0
425.0,4,6.0,0.17647058823529413,8.242547331521557,2,20.0,0.6819619457992282,2,20.0
430.0,7,31.0,1.0,8.37398323403732,5,23.0,0.571397676758785,5,23.0
435.0,8,67.0,1.763157894736842,8.889292652945825,7,57.0,0.6048122513180725,7,57.0
440.0,2,5.0,0.13513513513513514,8.973131189965029,1,7.0,0.6891392212281507,1,7.0
445.0,5,21.0,0.6176470588235294,9.72932793765644,3,17.0,0.7037064885385655,3,17.0
450.0,5,43.0,1.303030303030303,9.015095164213744,4,36.0,0.5444667814605157,4,36.0
455.0,7,65.0,1.8055555555555556,9.698805897155417,6,64.0,0.6378690435445041,6,64.0
460.0,0,0.0,0.0,9.773453181668037,0,7.0,0.789879048421207,0,7.0
465.0,4,12.0,0.34285714285714286,9.6149690862503,2,6.0,0.7610062522616964,2,6.0
470.0,6,35.0,1.0294117647058822,9.051293153040927,4,17.0,0.7044733258405187,4,17.0
475.0,9,73.0,2.28125,6.907927668932513,6,41.0,0.3940601982984662,6,41.0
480.0,12,96.0,2.909090909090909,6.671470109618253,12,91.0,0.3739209298062237,12,91.0
485.0,3,28.0,0.717948717948718,8.373321317824463,2,44.0,0.625916792651496,2,44.0
490.0,4,34.0,0.918918918918919,9.701908323552956,3,31.0,0.7853818357028621,3,31.0
495.0,8,64.0,1.7297297297297298,8.612532710926502,4,47.0,0.5895233792273187,4,47.0
500.0,4,12.0,0.3157894736842105,8.168430078935609,4,33.0,0.4610294120454596,4,33.0
505.0,5,27.0,0.7105263157894737,9.374147966639546,4,31.0,0.6093071543480244,4,31.0
510.0,6,47.0,1.3428571428571427,9.576579299311753,5,46.0,0.5890254542434223,5,46.0
515.0,1,1.0,0.025,10.159896420285344,0,1.0,0.8018225373524172,0,1.0
520.0,4,16.0,0.45714285714285713,10.460172853347974,1,5.0,0.8652922527922043,1,5.0
525.0,5,32.0,1.0,9.593791780024752,3,14.0,0.6639596840727513,3,14.0
530.0,1,1.0,0.027777777777777776,9.622374313195001,0,3.0,0.7367142642836436,0,3.0
535.0,3,9.0,0.28125,10.179125772193812,2,6.0,0.7586575195369819,2,6.0
540.0,4,27.0,0.9,9.945906349828327,3,19.0,0.6316249280696956,3,19.0
545.0,8,55.0,1.5714285714285714,8.939186702423084,7,42.0,0.5664189959416253,7,42.0
550.0,1,3.0,0.0967741935483871,8.149771141380423,1,16.0,0.668240636625974,1,16.0
555.0,3,12.0,0.36363636363636365,9.364105074024163,1,5.0,0.807908154159817,1,5.0
560.0,5,23.0,0.6571428571428571,9.956415005514371,5,20.0,0.6114864354638326,5,20.0
565.0,0,0.0,0.0,10.402806756733625,0,5.0,0.7554973175968852,0,5.0
570.0,5,14.0,0.3888888888888889,9.647523429215875,4,9.0,0.5448937601052019,4,9.0
575.0,8,44.0,1.4193548387096775,9.211240678726991,8,41.0,0.5116138702069709,8,41.0
580.0,9,85.0,2.2972972972972974,9.358296813438367,9,82.0,0.564208849008229,9,82.0
585.0,10,133.0,4.290322580645161,7.919434826959963,10,130.0,0.5141436823702906,10,130.0
590.0,1,1.0,0.03225806451612903,7.639455390716497,0,30.0,0.5806454916950434,0,30.0
595.0,5,20.0,0.6060606060606061,8.409288274654742,3,15.0,0.569659082890079,3,15.0
600.0,7,47.0,1.3823529411764706,9.027253283587362,5,39.0,0.5225722955763735,5,39.0
605.0,1,1.0,0.023255813953488372,10.902522648458142,0,0.0,0.8848595610039403,0,0.0
610.0,3,7.0,0.1891891891891892,11.416880890097483,2,6.0,0.7905762821553146,2,6.0
615.0,3,20.0,0.6060606060606061,9.90122640183428,3,20.0,0.6604428926763302,3,20.0
620.0,1,1.0,0.03225806451612903,8.480343072126791,1,5.0,0.5457888323049243,1,5.0
625.0,3,13.0,0.41935483870967744,10.469072536471554,3,12.0,0.7716387743230171,3,12.0
630.0,4,29.0,0.8787878787878788,10.809157933455129,4,28.0,0.6851334623639679,4,28.0
635.0,0,0.0,0.0,11.570187327140486,0,0.0,0.9268173868764052,0,0.0
640.0,2,4.0,0.13333333333333333,11.156182733338527,2,4.0,0.7574795444448811,2,4.0
645.0,6,24.0,0.8571428571428571,8.957262943256842,6,24.0,0.5309641033911591,6,24.0
650.0,1,1.0,0.029411764705882353,8.926878979219637,0,15.0,0.6353301035405591,0,15.0
655.0,6,22.0,0.7096774193548387,9.350552063701697,4,16.0,0.6270347629396358,4,16.0
660.0,5,39.0,1.21875,10.289939503419305,5,39.0,0.6601528328008669,5,39.0
665.0,0,0.0,0.0,9.624279279503105,0,12.0,0.661649342047323,0,12.0
670.0,6,17.0,0.5483870967741935,10.28684115395414,6,17.0,0.6321145399325755,6,17.0
675.0,7,48.0,1.411764705882353,9.175558360227383,7,48.0,0.5782929884650166,7,48.0
680.0,9,89.0,2.696969696969697,8.377655451532078,9,89.0,0.5480767253066886,9,89.0
685.0,0,0.0,0.0,8.888770381951101,0,36.0,0.6985714188310465,0,36.0
690.0,4,11.0,0.3548387096774194,9.594460277748977,2,6.0,0.7557643944605406,2,6.0
695.0,4,31.0,0.8378378378378378,10.34130945095434,2,16.0,0.7415411535110478,2,16.0
700.0,5,56.0,1.435897435897436,10.120425295197293,3,31.0,0.6645528296038914,3,31.0
705.0,1,16.0,0.5,10.177648614882848,1,16.0,0.8403036055963786,1,16.0
710.0,2,23.0,0.7419354838709677,9.147585863273315,2,23.0,0.6391772220587291,2,23.0
715.0,7,52.0,1.5757575757575757,9.190162359080858,6,47.0,0.4887691541335515,6,47.0
720.0,7,79.0,2.6333333333333333,8.653888823039681,7,83.0,0.3464133102341822,7,83.0
725.0,3,5.0,0.15151515151515152,8.909414699215851,1,19.0,0.7104238157118494,1,19.0
730.0,4,9.0,0.2647058823529412,9.621224753509654,2,18.0,0.7637424668479477,2,18.0
735.0,7,42.0,1.2727272727272727,9.728027386131675,3,33.0,0.7435243708822954,3,33.0
740.0,5,29.0,0.8529411764705882,8.022557371266116,4,50.0,0.44055065782047526,4,50.0
745.0,4,36.0,0.972972972972973,10.15277289702393,4,49.0,0.6404229174540386,4,49.0
750.0,6,64.0,1.7777777777777777,10.989967522506833,6,77.0,0.6567197558779856,6,77.0
755.0,0,0.0,0.0,10.402205381565555,0,32.0,0.7595299271675124,0,32.0
760.0,3,9.0,0.28125,10.1244282906374,2,5.0,0.7769015956778578,2,5.0
765.0,5,30.0,0.967741935483871,9.10653100192044,3,17.0,0.5850668215636121,3,17.0
770.0,2,8.0,0.2222222222222222,9.551692207903786,2,11.0,0.6737431741057717,2,11.0
775.0,3,21.0,0.6176470588235294,10.502262275348372,3,21.0,0.7018604178583436,3,21.0
780.0,4,40.0,1.2903225806451613,10.502394263533407,4,40.0,0.6658732834332711,4,40.0
785.0,7,67.0,2.0303030303030303,9.176092491432415,7,67.0,0.5533613305948868,7,67.0
790.0,10,113.0,3.7666666666666666,7.998367555798939,10,113.0,0.4533677331214215,10,113.0
795.0,0,0.0,0.0,8.388345880805113,0,34.0,0.6526230909609579,0,34.0
800.0,6,12.0,0.36363636363636365,8.569629211352222,4,8.0,0.5235858342225832,4,8.0
805.0,8,48.0,1.411764705882353,9.087523702939306,6,35.0,0.6171153844603876,6,35.0
810.0,4,23.0,0.6388888888888888,8.481931295553569,3,26.0,0.4791657929429735,3,26.0
815.0,7,21.0,0.6176470588235294,8.305366537636829,4,14.0,0.6309049836852771,4,14.0
820.0,10,61.0,1.605263157894737,8.768969219873624,8,47.0,0.6288646344621586,8,47.0
825.0,1,1.0,0.02564102564102564,8.950682062706802,0,31.0,0.6896074165221426,0,31.0
830.0,7,16.0,0.4444444444444444,8.818568953720463,4,9.0,0.6568231759691683,4,9.0
835.0,10,58.0,1.7058823529411764,7.638895820654856,7,38.0,0.4371036133822418,7,38.0
840.0,2,7.0,0.2,8.917775695189402,2,28.0,0.550166558025842,2,28.0
845.0,5,23.0,0.575,10.058635839882605,4,23.0,0.7397316302846472,4,23.0
850.0,5,43.0,1.1944444444444444,10.386024852543947,4,35.0,0.7462134607264913,4,35.0
855.0,3,4.0,0.1111111111111111,9.727230529085762,2,3.0,0.6676056985685076,2,3.0
860.0,6,23.0,0.696969696969697,8.383558279212012,4,19.0,0.5126474310919286,4,19.0
865.0,7,53.0,1.5588235294117647,8.957259712992359,6,50.0,0.5847275484783665,6,50.0
870.0,1,2.0,0.05714285714285714,9.187993985647308,1,29.0,0.6152498888810469,1,29.0
875.0,4,20.0,0.5555555555555556,10.174796620283344,3,16.0,0.7500580161686954,3,16.0
880.0,5,45.0,1.25,10.161635985521524,4,36.0,0.6384848332291687,4,36.0
885.0,1,1.0,0.02857142857142857,9.200620276975839,0,0.0,0.6968698082888197,0,0.0
890.0,6,21.0,0.6176470588235294,9.68370730313058,4,14.0,0.6030736491544869,4,14.0
895.0,9,61.0,1.7428571428571429,9.456423399396492,6,43.0,0.6284014680928649,6,43.0
900.0,0,0.0,0.0,9.97948618937637,0,0.0,0.8013415120732249,0,0.0
905.0,3,6.0,0.1935483870967742,9.434152413140792,2,3.0,0.6786622482082261,2,3.0
910.0,5,27.0,0.8181818181818182,9.95406936597452,5,27.0,0.6542316484761066,5,27.0
915.0,7,58.0,1.7575757575757576,9.464739072978416,7,58.0,0.5787720192600908,7,58.0
920.0,10,101.0,3.0606060606060606,8.845188964858668,10,101.0,0.5165165489966325,10,101.0
925.0,10,151.0,4.71875,8.0179794130444,10,151.0,0.4383771721358092,10,151.0
930.0,6,13.0,0.38235294117647056,7.195467419908224,5,50.0,0.4760543004614605,5,50.0
935.0,4,14.0,0.42424242424242425,7.893168271552769,1,11.0,0.628013052982054,1,11.0
940.0,7,39.0,1.0,9.183627078378134,3,22.0,0.707807612202842,3,22.0
945.0,6,54.0,1.3170731707317074,9.79911761037874,4,41.0,0.7125718046394849,4,41.0
950.0,2,10.0,0.2777777777777778,9.35058180572242,2,14.0,0.694346775721414,2,14.0
955.0,6,27.0,0.7941176470588235,8.279240057634402,5,29.0,0.49837847457351087,5,29.0
960.0,9,65.0,1.9696969696969697,8.821070157673148,8,66.0,0.45530855146497934,8,66.0
965.0,2,2.0,0.05,9.481459195477981,1,9.0,0.7613027882578042,1,9.0
970.0,3,11.0,0.3055555555555556,9.662426946455646,1,6.0,0.7908825003332264,1,6.0
975.0,3,19.0,0.5277777777777778,10.152515300085359,3,19.0,0.728145716274381,3,19.0
980.0,1,2.0,0.06060606060606061,9.720433390442293,1,5.0,0.6927815198745019,1,5.0
985.0,4,15.0,0.4166666666666667,10.45026833836643,3,14.0,0.69956453263494,3,14.0
990.0,7,44.0,1.375,10.145482976539373,6,38.0,0.6232820140476338,6,38.0
995.0,2,18.0,0.5142857142857142,10.55105650714252,2,23.0,0.7909536429694316,2,23.0
1000.0,3,10.0,0.3225806451612903,10.144386648439125,2,7.0,0.769200008561041,2,7.0
1005.0,4,23.0,0.7666666666666667,9.647242756109707,3,22.0,0.6630877722698592,3,22.0
1010.0,10,56.0,1.4736842105263157,8.668684333044455,8,48.0,0.5307076460998691,8,48.0
1015.0,10,100.0,3.3333333333333335,7.523571423121086,9,93.0,0.45383149656876587,9,93.0
1020.0,11,145.0,4.67741935483871,7.978578630162848,11,145.0,0.4894422256357773,11,145.0
1025.0,0,0.0,0.0,7.9450333593152775,0,45.0,0.5768479758526395,0,45.0
1030.0,8,23.0,0.6571428571428571,9.002207064989024,5,19.0,0.6266698402879369,5,19.0
1035.0,9,57.0,1.5,9.086622268432135,7,47.0,0.5846364550841137,7,47.0
1040.0,10,85.0,2.073170731707317,8.81098559602891,8,86.0,0.5080739573145752,8,86.0
1045.0,11,138.0,3.72972972972973,8.398206997962625,10,135.0,0.5047800234468817,10,135.0
1050.0,3,3.0,0.09375,7.105366517949826,1,30.0,0.508540198769216,1,30.0
1055.0,4,11.0,0.2972972972972973,9.93547271160017,2,6.0,0.7900735864714052,2,6.0
1060.0,4,27.0,0.6585365853658537,11.128381008846327,2,16.0,0.8033694670792396,2,16.0
1065.0,0,0.0,0.0,10.627766725649538,0,22.0,0.7139105931594835,0,22.0
1070.0,3,6.0,0.18181818181818182,9.417804733883747,2,4.0,0.6513371001481101,2,4.0
1075.0,7,32.0,1.0,8.596866943638918,6,25.0,0.49265875766570594,6,25.0
1080.0,9,65.0,2.3214285714285716,8.113842077396946,9,65.0,0.3408212604650439,9,65.0
1085.0,10,112.0,3.2941176470588234,8.633565714560582,10,112.0,0.5476366983399837,10,112.0
1090.0,1,1.0,0.02857142857142857,8.62597802646281,0,30.0,0.685864254506564,0,30.0
1095.0,3,7.0,0.21875,9.55602710675559,2,5.0,0.7176502577044084,2,5.0
1100.0,9,45.0,1.2857142857142858,7.844794971533335,6,29.0,0.46113905593616966,6,29.0
1105.0,11,91.0,2.3333333333333335,8.04061995183825,9,72.0,0.5072272815405459,9,72.0
1110.0,3,21.0,0.5675675675675675,8.271494926163147,2,35.0,0.665128849860812,2,35.0
1115.0,6,40.0,1.0526315789473684,9.826686003584433,4,36.0,0.7123971825795075,4,36.0
1120.0,5,62.0,1.5897435897435896,9.49394327571805,4,56.0,0.6125348077418638,4,56.0
1125.0,11,106.0,2.864864864864865,7.912283887523701,10,95.0,0.3945022968613164,10,95.0
1130.0,12,151.0,4.194444444444445,8.032130058125302,12,147.0,0.4343011456088216,12,147.0
1135.0,2,2.0,0.05555555555555555,8.67884529519862,1,39.0,0.6377988143909152,1,39.0
1140.0,5,13.0,0.37142857142857144,9.803357154105122,1,3.0,0.7830793104469712,1,3.0
1145.0,7,41.0,1.1081081081081081,9.917616748204304,4,17.0,0.7066753149312257,4,17.0
1150.0,4,9.0,0.24324324324324326,10.556085561899632,4,24.0,0.622168171650002,4,24.0
1155.0,3,23.0,0.6216216216216216,11.132932003010708,3,25.0,0.6861807499352344,3,25.0
1160.0,7,49.0,1.53125,10.33323621148891,5,49.0,0.5907707698738726,5,49.0
1165.0,8,83.0,2.6774193548387095,9.405029539541752,7,79.0,0.5512105841535948,7,79.0
1170.0,10,119.0,4.25,6.733388007723313,10,122.0,0.29876394129816186,10,122.0
1175.0,1,5.0,0.15625,8.472528828388008,1,45.0,0.6523432074138718,1,45.0
1180.0,3,7.0,0.2,9.888980941777053,1,7.0,0.7665063027445196,1,7.0
1185.0,7,32.0,0.8888888888888888,9.477639375183138,5,22.0,0.645018780012909,5,22.0
1190.0,3,21.0,0.5526315789473685,9.307439999891125,3,26.0,0.6281867423765128,3,26.0
1195.0,9,48.0,1.5483870967741935,8.101232036368701,8,52.0,0.39728756804141946,8,52.0
1200.0,10,93.0,2.90625,8.225630311192589,10,98.0,0.4010040535856101,10,98.0
1205.0,11,147.0,3.769230769230769,8.263043807252215,11,152.0,0.4864042892999709,11,152.0
1210.0,1,1.0,0.02857142857142857,8.74033055971586,0,74.0,0.698902362489372,0,74.0
1215.0,3,4.0,0.11428571428571428,9.707683309794932,1,1.0,0.7454252775194724,1,1.0
1220.0,10,40.0,1.1111111111111112,7.986206920735904,6,17.0,0.4642165349224009,6,17.0
1225.0,3,8.0,0.2,8.820031556263642,2,14.0,0.6475056454348384,2,14.0
1230.0,7,27.0,0.8181818181818182,8.98544982414413,4,22.0,0.667821078052692,4,22.0
1235.0,7,56.0,1.435897435897436,9.953614495125688,5,41.0,0.6758956576227665,5,41.0
1240.0,8,95.0,2.5675675675675675,9.472677695846519,6,70.0,0.6018661458397851,6,70.0
1245.0,12,118.0,3.6875,6.925722614210777,12,116.0,0.4170815626195394,12,116.0
1250.0,5,8.0,0.23529411764705882,6.876952847673937,3,19.0,0.5296467559949591,3,19.0
1255.0,8,39.0,1.0263157894736843,9.331994620593647,5,28.0,0.6575147747993266,5,28.0
1260.0,8,72.0,1.945945945945946,9.592198340840541,5,53.0,0.5287133543918888,5,53.0
1265.0,9,108.0,2.6341463414634148,9.165181163017056,7,88.0,0.5551848600831248,7,88.0
1270.0,3,4.0,0.1111111111111111,9.339214377318148,2,4.0,0.7044042401825198,2,4.0
1275.0,4,21.0,0.6,10.651505394067877,3,18.0,0.7022755293329979,3,18.0
1280.0,6,40.0,1.1111111111111112,9.941607790146987,5,38.0,0.6575585867702021,5,38.0
1285.0,1,1.0,0.029411764705882353,9.919628148712363,1,1.0,0.8024334294272456,1,1.0
1290.0,5,15.0,0.4838709677419355,9.856303231394856,2,10.0,0.7128871056282028,2,10.0
1295.0,4,31.0,0.96875,9.776878626354138,3,25.0,0.6365241607729946,3,25.0
1300.0,5,46.0,1.2432432432432432,10.689446928107028,5,46.0,0.692237656913763,5,46.0
1305.0,0,0.0,0.0,10.485972106400046,0,0.0,0.8082862294127597,0,0.0
1310.0,3,8.0,0.26666666666666666,10.033306084047785,2,7.0,0.6952991938275966,2,7.0
1315.0,6,32.0,1.0666666666666667,8.9368521509114,5,26.0,0.548901318030838,5,26.0
1320.0,8,61.0,1.967741935483871,8.452428864892777,8,61.0,0.4352478203261438,8,61.0
1325.0,10,109.0,3.303030303030303,8.736317854869082,10,109.0,0.5644187406100113,10,109.0
1330.0,12,163.0,4.9393939393939394,7.9762483647058335,12,163.0,0.512043130151217,12,163.0
1335.0,1,1.0,0.02857142857142857,8.227816399905487,0,57.0,0.647465291389799,0,57.0
1340.0,5,10.0,0.30303030303030304,7.447909705016015,2,4.0,0.439296325953042,2,4.0
1345.0,9,51.0,1.3076923076923077,9.055902139372083,6,34.0,0.6454559705300401,6,34.0
1350.0,11,88.0,2.2,9.236954908698907,8,67.0,0.5280805617521391,8,67.0
1355.0,10,137.0,3.5128205128205128,9.121635140869241,8,107.0,0.6017071195468966,8,107.0
1360.0,12,193.0,4.948717948717949,8.641082529594286,10,153.0,0.54967613265279,10,153.0
1365.0,12,230.0,6.571428571428571,6.81397918544164,10,183.0,0.40005701617078343,10,183.0
1370.0,4,9.0,0.225,7.821561089325354,3,52.0,0.5158435284500255,3,52.0
1375.0,4,16.0,0.42105263157894735,9.697888086316986,2,10.0,0.6949417828710398,2,10.0
1380.0,8,48.0,1.263157894736842,10.356796609619785,5,27.0,0.6512805066717039,5,27.0
1385.0,8,76.0,1.9,9.272094144940162,6,53.0,0.5205283372848124,6,53.0
1390.0,11,87.0,2.71875,7.936969512176462,10,86.0,0.4966481392283999,10,86.0
1395.0,12,141.0,4.0285714285714285,7.564131383092294,12,141.0,0.4717346723154718,12,141.0
1400.0,3,10.0,0.2777777777777778,8.132330214343101,3,42.0,0.5959053128646671,3,42.0
1405.0,5,15.0,0.39473684210526316,10.11035943960348,3,11.0,0.7259214492198522,3,11.0
1410.0,6,41.0,1.1714285714285715,9.472248855331717,4,31.0,0.5832707671701146,4,31.0
1415.0,6,60.0,1.5789473684210527,9.730306481123367,5,56.0,0.5849129097295332,5,56.0
1420.0,2,11.0,0.3142857142857143,9.78035562949047,2,38.0,0.7330560953228128,2,38.0
1425.0,4,23.0,0.6571428571428571,10.849219473261515,3,20.0,0.7588473132689156,3,20.0
1430.0,5,38.0,1.1515151515151516,8.871090414861149,4,36.0,0.5411952807215633,4,36.0
1435.0,9,72.0,2.1176470588235294,7.922813349953428,8,67.0,0.4155397365962931,8,67.0
1440.0,2,3.0,0.10344827586206896,8.58041093584469,1,10.0,0.6900428732590327,1,10.0
1445.0,2,9.0,0.24324324324324326,10.523069462371206,2,9.0,0.7714665054619478,2,9.0
1450.0,4,26.0,0.7027027027027027,11.127093234675996,3,21.0,0.7583093814016865,3,21.0
1455.0,4,41.0,1.1714285714285715,10.897240358533619,4,41.0,0.6845317758907783,4,41.0
1460.0,2,3.0,0.10344827586206896,7.522425300866235,2,4.0,0.5005987646995447,2,4.0
1465.0,8,30.0,0.9090909090909091,9.117669589979705,6,26.0,0.5919837787951923,6,26.0
1470.0,7,61.0,1.7428571428571429,9.549219522736644,7,61.0,0.5908730447024444,7,61.0
1475.0,8,100.0,2.7777777777777777,9.416185410039542,8,100.0,0.5942948509294195,8,100.0
1480.0,10,147.0,4.323529411764706,7.31423075408096,10,147.0,0.4671887811572936,10,147.0
1485.0,15,214.0,6.6875,6.2161966879715225,15,214.0,0.39059882573516064,15,214.0
1490.0,7,30.0,0.8108108108108109,6.730255806495455,6,83.0,0.49065382673506824,6,83.0
1495.0,9,40.0,1.0256410256410255,8.466901276881696,6,44.0,0.5855151762285071,6,44.0
1500.0,10,90.0,2.3076923076923075,8.806361597463885,6,64.0,0.6237657727003825,6,64.0
1505.0,13,137.0,3.186046511627907,7.728365732008941,10,102.0,0.4928436044373347,10,102.0
1510.0,10,162.0,4.2631578947368425,7.925109994019257,9,145.0,0.4870939407992936,9,145.0
1515.0,12,210.0,4.883720930232558,8.205989258488762,10,181.0,0.4736616751723448,10,181.0
1520.0,15,245.0,6.447368421052632,7.289163832004832,15,243.0,0.342730684787754,15,243.0
1525.0,16,323.0,8.72972972972973,7.405668036951161,16,321.0,0.4020982406842532,16,321.0
1530.0,17,380.0,10.555555555555555,5.631890120224799,16,402.0,0.26813021448376273,16,402.0
1535.0,18,450.0,11.538461538461538,6.4316591027190055,18,485.0,0.38047045009018676,18,485.0
1540.0,6,115.0,2.5555555555555554,7.920320120251306,6,264.0,0.5356077879226948,6,264.0
1545.0,4,7.0,0.15555555555555556,8.724544979648671,0,63.0,0.6761671054934404,0,63.0
1550.0,6,23.0,0.5227272727272727,8.629795143422431,3,30.0,0.657207757988162,3,30.0
1555.0,12,63.0,1.5,8.124053883437792,7,50.0,0.38368531742235135,7,50.0
1560.0,12,105.0,2.6923076923076925,7.954454576137345,9,93.0,0.3824959408643361,9,93.0
1565.0,14,174.0,4.046511627906977,8.509948035778145,11,145.0,0.5335298989161886,11,145.0
1570.0,13,180.0,4.864864864864865,7.720509959153823,12,162.0,0.5300570672443005,12,162.0
1575.0,15,250.0,6.944444444444445,6.346669738835917,13,223.0,0.40179640935159366,13,223.0
1580.0,5,12.0,0.3157894736842105,5.759966450342776,4,92.0,0.36685020752348907,4,92.0
1585.0,6,21.0,0.4772727272727273,8.795841105209531,4,21.0,0.6016386581872747,4,21.0
1590.0,9,58.0,1.3181818181818181,9.739549442619508,6,47.0,0.5983267719828442,6,47.0
1595.0,9,87.0,1.8125,9.817596246311254,6,67.0,0.6586546514844056,6,67.0
1600.0,10,136.0,3.4871794871794872,8.531054888679918,7,101.0,0.5994751184604818,7,101.0
1605.0,10,139.0,3.9714285714285715,6.642417669068744,8,142.0,0.4435945980954169,8,142.0
1610.0,16,205.0,5.54054054054054,6.11046562956963,13,177.0,0.37740235266714545,13,177.0
1615.0,15,253.0,6.325,7.041134095390085,14,246.0,0.42012201094970253,14,246.0
1620.0,15,318.0,8.368421052631579,6.954075440377459,15,318.0,0.3646739898717576,15,318.0
1625.0,16,398.0,9.476190476190476,7.203519046903087,16,396.0,0.41631546372635486,16,396.0
1630.0,19,477.0,11.093023255813954,6.591364869297723,18,480.0,0.3757154613208051,18,480.0
1635.0,19,572.0,13.30232558139535,6.317132452443229,18,563.0,0.3712616073557482,18,563.0
1640.0,10,120.0,2.608695652173913,6.284913956363489,9,286.0,0.394180785577305,9,286.0
1645.0,5,9.0,0.20930232558139536,8.351318249827452,2,71.0,0.6138006181652359,2,71.0
1650.0,9,41.0,0.9111111111111111,8.766546326090674,5,55.0,0.47747191022087315,5,55.0
1655.0,2,5.0,0.10638297872340426,9.208267260877397,2,68.0,0.5545207646031344,2,68.0
1660.0,8,37.0,0.8409090909090909,8.62818228324467,5,78.0,0.7081977420017588,5,78.0
1665.0,8,71.0,1.8205128205128205,8.188023636924319,5,103.0,0.5938891298281954,5,103.0
1670.0,12,119.0,3.1315789473684212,7.76725004384385,10,144.0,0.45026803235744345,10,144.0
1675.0,3,11.0,0.28205128205128205,7.867549091741364,3,38.0,0.5106661385430101,3,38.0
1680.0,11,39.0,1.0833333333333333,8.041093337985107,7,31.0,0.4902801410550104,7,31.0
1685.0,10,86.0,2.0,8.996904766263551,7,67.0,0.6329783445568642,7,67.0
1690.0,12,142.0,3.4634146341463414,8.510415627548928,9,108.0,0.5745179275482503,9,108.0
1695.0,3,23.0,0.6052631578947368,7.747058463538643,3,44.0,0.6039333039489118,3,44.0
1700.0,7,26.0,0.7222222222222222,8.069087918448917,6,42.0,0.4354353705589006,6,42.0
1705.0,9,68.0,1.6585365853658536,9.57366423263949,7,75.0,0.5600750161679804,7,75.0
1710.0,10,108.0,2.6341463414634148,8.961283654113036,9,114.0,0.4640644750835526,9,114.0
1715.0,2,8.0,0.20512820512820512,9.982322028403138,2,47.0,0.729671709448026,2,47.0
1720.0,5,19.0,0.5428571428571428,9.340695088695039,4,21.0,0.6327132949871829,4,21.0
1725.0,7,50.0,1.4285714285714286,8.432390301816248,6,46.0,0.463121561054827,6,46.0
1730.0,2,6.0,0.14285714285714285,8.88309922890464,2,21.0,0.5964392750015729,2,21.0
1735.0,5,27.0,0.75,9.929067538207308,3,23.0,0.6082069299550646,3,23.0
1740.0,8,62.0,1.7714285714285714,9.810628522476913,6,48.0,0.6116727984782746,6,48.0
1745.0,9,93.0,2.4473684210526314,8.612670858290533,8,80.0,0.4996030715699623,8,80.0
1750.0,3,12.0,0.4,8.834239900108209,2,13.0,0.713294659701847,2,13.0
1755.0,4,28.0,0.8,9.842868265347201,3,24.0,0.6412049433808732,3,24.0
1760.0,6,49.0,1.3611111111111112,9.07180623660329,5,43.0,0.5692725350056158,5,43.0
1765.0,2,6.0,0.16216216216216217,9.90660886790716,2,6.0,0.7905402347805693,2,6.0
1770.0,4,21.0,0.6774193548387096,9.444039218703002,2,16.0,0.5929946475020736,2,16.0
1775.0,4,32.0,0.9142857142857143,9.994184325924158,4,32.0,0.7001451985287884,4,32.0
1780.0,1,5.0,0.13157894736842105,10.93236106069661,0,12.0,0.8030516163255479,0,12.0
1785.0,3,10.0,0.30303030303030304,10.66712359482581,2,7.0,0.7897025268401449,2,7.0
1790.0,4,26.0,0.8666666666666667,9.760150261624483,3,18.0,0.6534979666512777,3,18.0
1795.0,7,42.0,1.3548387096774193,8.470527730134293,7,42.0,0.4272013956362322,7,42.0
1800.0,9,85.0,3.1481481481481484,7.823579579378975,9,87.0,0.3182447966850059,9,87.0
1805.0,12,140.0,4.117647058823529,8.082472457889756,12,142.0,0.5200229871244396,12,142.0
1810.0,13,201.0,5.911764705882353,7.490722252446922,13,203.0,0.5068239401389919,13,203.0
1815.0,14,269.0,8.40625,6.6415717654426025,14,271.0,0.4498033913251957,14,271.0
1820.0,5,16.0,0.4444444444444444,6.160902321400589,5,102.0,0.3844562306867074,5,102.0
1825.0,4,14.0,0.35,8.941407659179493,3,13.0,0.6381110809750519,3,13.0
1830.0,8,49.0,1.1136363636363635,10.123698727373233,5,32.0,0.637059117216984,5,32.0
1835.0,5,59.0,1.372093023255814,10.257310083321531,4,46.0,0.7237065025014228,4,46.0
1840.0,1,1.0,0.02702702702702703,9.516079815801282,1,1.0,0.7175592038543416,1,1.0
1845.0,9,33.0,1.0,8.373723241632177,6,24.0,0.5343689328385001,6,24.0
1850.0,10,81.0,2.25,8.040974662723167,7,61.0,0.4990060167761154,7,61.0
1855.0,12,116.0,3.135135135135135,8.555004885013952,10,100.0,0.526505009838647,10,100.0
1860.0,1,1.0,0.029411764705882353,8.825714131318337,0,35.0,0.7047279058039813,0,35.0
1865.0,2,7.0,0.19444444444444445,10.137358402507608,1,5.0,0.747873215598074,1,5.0
1870.0,5,26.0,0.7428571428571429,10.449281762137254,3,18.0,0.678934948787377,3,18.0
1875.0,2,10.0,0.23809523809523808,10.344243683408873,2,10.0,0.7378316640692384,2,10.0
1880.0,3,23.0,0.7419354838709677,10.450676953718588,3,23.0,0.6903165969331194,3,23.0
1885.0,5,48.0,1.5483870967741935,10.573279107443334,4,43.0,0.6430600898007122,4,43.0
1890.0,7,71.0,2.4482758620689653,8.432027640551738,7,71.0,0.4131431238917754,7,71.0
1895.0,11,119.0,3.838709677419355,7.539589411673622,11,119.0,0.47228844864322794,11,119.0
1900.0,13,183.0,5.545454545454546,7.855046195393404,13,183.0,0.5266830638469479,13,183.0
1905.0,13,248.0,7.294117647058823,7.206836303773147,13,248.0,0.4726117619833546,13,248.0
1910.0,9,60.0,1.6216216216216217,6.368255597383425,8,116.0,0.426424474519375,8,116.0
1915.0,7,25.0,0.7142857142857143,7.692334461850992,3,29.0,0.4846295999727471,3,29.0
1920.0,12,69.0,1.8157894736842106,7.699782806347064,6,40.0,0.4570255292964697,6,40.0
1925.0,2,7.0,0.15217391304347827,8.229415787986554,2,36.0,0.5761437604469485,2,36.0
1930.0,11,54.0,1.35,8.327653542297591,8,56.0,0.6198600435503389,8,56.0
1935.0,9,75.0,1.9736842105263157,7.868810492769765,7,57.0,0.5485740435936458,7,57.0
1940.0,5,18.0,0.46153846153846156,7.500715279759099,4,49.0,0.4141839682233214,4,49.0
1945.0,6,21.0,0.5121951219512195,8.68079213929322,3,16.0,0.6103819744653705,3,16.0
1950.0,9,60.0,1.5384615384615385,9.607689415262602,6,39.0,0.5884222011384181,6,39.0
1955.0,9,92.0,2.1904761904761907,9.624002559305762,6,63.0,0.6290859638005754,6,63.0
1960.0,2,8.0,0.21052631578947367,8.843690796611961,2,15.0,0.682199537203122,2,15.0
1965.0,8,38.0,1.1176470588235294,8.816600481328559,7,41.0,0.5621465356132491,7,41.0
1970.0,12,90.0,2.3684210526315788,8.157887819453181,9,83.0,0.5044878214983648,9,83.0
1975.0,10,128.0,3.282051282051282,8.132262545678183,9,128.0,0.49355598748877094,9,128.0
1980.0,12,176.0,5.333333333333333,7.622067179140974,12,183.0,0.4101760690321898,12,183.0
1985.0,13,237.0,6.583333333333333,6.252245298611221,13,244.0,0.3720918508062571,13,244.0
1990.0,18,321.0,8.23076923076923,6.386906935187432,18,328.0,0.3692905439676007,18,328.0
1995.0,20,420.0,10.76923076923077,5.884833463050866,20,427.0,0.3679541119301961,20,427.0
2000.0,21,525.0,12.5,5.943504232102719,21,532.0,0.3282103884058455,21,532.0
2005.0,23,637.0,14.813953488372093,5.296052254417109,23,644.0,0.26253845556917205,23,644.0
2010.0,16,239.0,5.195652173913044,5.121148152196382,16,505.0,0.2725333648076741,16,505.0
2015.0,2,8.0,0.17777777777777778,7.1992238938178845,1,192.0,0.45137427382192513,1,192.0
2020.0,8,36.0,0.6923076923076923,9.40011923529682,5,71.0,0.6377430877666989,5,71.0
2025.0,12,90.0,1.6981132075471699,8.907446674178221,8,99.0,0.4965546864648789,8,99.0
2030.0,5,37.0,0.7872340425531915,8.698878766867606,5,72.0,0.5127661382039734,5,72.0
2035.0,7,53.0,1.2926829268292683,9.073809913622306,7,93.0,0.41399612170626804,7,93.0
2040.0,12,107.0,2.891891891891892,8.576825976278883,12,147.0,0.3435868814093201,12,147.0
2045.0,14,173.0,4.023255813953488,8.77343505742847,14,213.0,0.4735170971621146,14,213.0
2050.0,16,250.0,6.944444444444445,7.405900035989682,16,290.0,0.43021333128386813,16,290.0
2055.0,17,331.0,8.945945945945946,5.771360643084754,17,371.0,0.36379811866267703,17,371.0
2060.0,24,420.0,11.666666666666666,3.885364093709585,22,440.0,0.16174361573288185,22,440.0
2065.0,24,529.0,12.595238095238095,5.37903213593105,24,555.0,0.3175251604485683,24,555.0
2070.0,25,652.0,14.818181818181818,5.415490124317907,25,678.0,0.28717932310007316,25,678.0
2075.0,11,210.0,4.375,6.269495913485616,11,469.0,0.44240580141794944,11,469.0
2080.0,6,15.0,0.3125,7.822187190495285,4,217.0,0.5088674966077614,4,217.0
2085.0,11,56.0,1.1428571428571428,7.762818718480268,6,93.0,0.4861451345094646,6,93.0
2090.0,14,85.0,1.5178571428571428,7.592643373607934,9,104.0,0.43508586213619777,9,104.0
2095.0,8,26.0,0.5416666666666666,7.124380918811981,8,130.0,0.42313803544731643,8,130.0
2100.0,15,63.0,1.5365853658536586,7.130643285062362,12,161.0,0.43929457796967514,12,161.0
2105.0,11,82.0,1.8222222222222222,7.77416651461645,10,163.0,0.41511343252257904,10,163.0
2110.0,5,21.0,0.4666666666666667,8.113068313511224,5,93.0,0.427770238527198,5,93.0
2115.0,7,30.0,0.6521739130434783,8.403631446084491,3,50.0,0.5205082557245844,3,50.0
2120.0,11,69.0,1.5681818181818181,8.329657197756639,8,77.0,0.5074559657736171,8,77.0
2125.0,4,23.0,0.5227272727272727,9.021910109303409,2,38.0,0.6902664725733043,2,38.0
2130.0,7,24.0,0.631578947368421,7.656306625078164,3,17.0,0.4785263228275367,3,17.0
2135.0,11,68.0,1.7,8.140818335172629,7,47.0,0.5505988642229976,7,47.0
2140.0,10,94.0,2.238095238095238,8.541993156884809,9,91.0,0.5519974763285946,9,91.0
2145.0,2,4.0,0.10256410256410256,8.791949126225981,2,24.0,0.6550023147455811,2,24.0
2150.0,10,33.0,0.8918918918918919,8.593130813079657,6,26.0,0.5411588081519189,6,26.0
2155.0,11,85.0,2.2972972972972974,7.579151481442876,8,64.0,0.46581107805311844,8,64.0
2160.0,8,104.0,2.9714285714285715,8.299891186450573,8,104.0,0.36819674892850796,8,104.0
2165.0,1,3.0,0.07894736842105263,9.289864869569238,1,39.0,0.6717004777524537,1,39.0
2170.0,4,15.0,0.375,10.256903622715024,2,10.0,0.7487364095565685,2,10.0
2175.0,7,45.0,1.2857142857142858,9.633054476287136,4,29.0,0.6693026658752819,4,29.0
2180.0,5,15.0,0.42857142857142855,8.27337328743401,3,24.0,0.5437470243561727,3,24.0
2185.0,6,27.0,0.7714285714285715,9.16454200136021,3,17.0,0.7293881673341688,3,17.0
2190.0,9,62.0,1.7222222222222223,9.09891549703053,5,35.0,0.6777111511472735,5,35.0
2195.0,9,95.0,2.5675675675675675,9.107423520086686,6,62.0,0.659599023302729,6,62.0
2200.0,2,2.0,0.05714285714285714,8.394850756752126,1,1.0,0.7149772900838197,1,1.0
2205.0,6,25.0,0.7352941176470589,8.69907406235948,4,21.0,0.5806270379663548,4,21.0
2210.0,10,67.0,1.763157894736842,8.387142041765273,7,51.0,0.5903540355454183,7,51.0
2215.0,1,1.0,0.02631578947368421,8.574762718241598,1,21.0,0.6827415744584139,1,21.0
2220.0,4,15.0,0.42857142857142855,10.150302436725354,1,6.0,0.8457987546562632,1,6.0
2225.0,3,20.0,0.5128205128205128,10.194405444726694,2,12.0,0.7783178310566934,2,12.0
2230.0,5,40.0,1.0810810810810811,10.228177199540577,3,25.0,0.705506660911474,3,25.0
2235.0,7,53.0,1.394736842105263,8.95276814777307,5,44.0,0.58590152348163,5,44.0
2240.0,9,90.0,2.903225806451613,7.743841401230962,8,79.0,0.4839168648902293,8,79.0
2245.0,11,138.0,4.451612903225806,7.910975563815209,10,125.0,0.4684247445734168,10,125.0
2250.0,3,12.0,0.3870967741935484,6.828219181143102,2,45.0,0.4271466311395058,2,45.0
2255.0,7,22.0,0.5945945945945946,9.138046426924946,5,19.0,0.6236734074691691,5,19.0
2260.0,9,63.0,1.575,9.535170273237885,7,50.0,0.6395488793482085,7,50.0
2265.0,8,96.0,2.341463414634146,9.374782023577334,7,85.0,0.5877600793351722,7,85.0
2270.0,6,47.0,1.3428571428571427,7.529862075901098,5,58.0,0.533019838422314,5,58.0
2275.0,8,38.0,1.1515151515151516,7.496607419989569,6,29.0,0.4613484111932614,6,29.0
2280.0,10,79.0,2.323529411764706,9.000910259516239,8,64.0,0.4651218389955219,8,64.0
2285.0,9,107.0,2.488372093023256,9.629001450258144,9,106.0,0.55599918323122,9,106.0
2290.0,1,1.0,0.02857142857142857,9.798098157722515,0,15.0,0.8121435322025276,0,15.0
2295.0,3,8.0,0.23529411764705882,9.940106183899033,2,5.0,0.7229798974467123,2,5.0
2300.0,5,22.0,0.6470588235294118,9.038217692462004,5,20.0,0.5029519889530586,5,20.0
2305.0,3,4.0,0.10526315789473684,9.786308425528029,1,5.0,0.6903241587491248,1,5.0
2310.0,4,14.0,0.4375,9.491353222788941,2,11.0,0.6493727086225368,2,11.0
2315.0,5,34.0,0.9714285714285714,9.607119522019902,4,27.0,0.7024515076270361,4,27.0
2320.0,5,55.0,1.71875,9.760782055827804,4,43.0,0.6871464963915968,4,43.0
2325.0,1,1.0,0.03333333333333333,8.657125501898998,1,1.0,0.6512386132308535,1,1.0
2330.0,6,20.0,0.5714285714285714,9.824662068212966,5,18.0,0.6122432651050576,5,18.0
2335.0,6,45.0,1.2857142857142858,10.034657564288722,6,45.0,0.6253944940954235,6,45.0
2340.0,7,78.0,2.3636363636363638,9.458016889911185,7,78.0,0.4995286371664594,7,78.0
2345.0,1,1.0,0.03125,8.120277705537898,1,19.0,0.6285550591203256,1,19.0
2350.0,1,2.0,0.058823529411764705,9.88253181485517,1,2.0,0.7675465560710251,1,2.0
2355.0,4,20.0,0.5714285714285714,10.534325549922759,2,8.0,0.7677755507457463,2,8.0
2360.0,0,0.0,0.0,10.606197147399001,0,0.0,0.8034202155970425,0,0.0
2365.0,3,10.0,0.30303030303030304,9.783426984987424,1,4.0,0.7135404914562159,1,4.0
2370.0,6,33.0,1.1,8.098458108279143,5,24.0,0.5158870219841611,5,24.0
2375.0,8,58.0,1.8125,8.446892069709207,8,58.0,0.5076389150849459,8,58.0
2380.0,10,102.0,2.8333333333333335,8.495216586086597,10,102.0,0.560000704638237,10,102.0
2385.0,11,157.0,4.485714285714286,8.382887044802724,11,157.0,0.5539431926206867,11,157.0
2390.0,1,1.0,0.030303030303030304,7.95489277999185,1,39.0,0.616456140683626,1,39.0
2395.0,4,10.0,0.2857142857142857,8.711560199142303,1,5.0,0.6241928501911886,1,5.0
2400.0,7,38.0,1.0857142857142856,9.038943738964834,3,19.0,0.6401845323868897,3,19.0
2405.0,1,5.0,0.12195121951219512,9.969436658411094,1,15.0,0.7708682215471543,1,15.0
2410.0,2,15.0,0.40540540540540543,10.392147052520036,2,18.0,0.7400807949402116,2,18.0
2415.0,4,31.0,0.8611111111111112,10.311272576529,4,34.0,0.6553477272603513,4,34.0
2420.0,9,64.0,2.0,7.751886600033096,9,67.0,0.35233573108794863,9,67.0
2425.0,3,12.0,0.36363636363636365,8.508693001801145,3,31.0,0.6091561110879936,3,31.0
2430.0,3,13.0,0.40625,9.716380484833588,2,12.0,0.6766643813655516,2,12.0
2435.0,4,33.0,0.868421052631579,10.651060799455017,3,27.0,0.7618373368522409,3,27.0
2440.0,6,59.0,1.5945945945945945,9.799486846116643,5,48.0,0.6688205020653536,5,48.0
2445.0,1,5.0,0.15625,9.695800690777181,1,5.0,0.7448910608865967,1,5.0
2450.0,3,19.0,0.5588235294117647,10.37911215207219,3,19.0,0.6881548696455065,3,19.0
2455.0,5,39.0,1.21875,10.554590747030192,5,39.0,0.6020071521018698,5,39.0
2460.0,6,66.0,2.129032258064516,9.920754213839821,6,67.0,0.6025031600979895,6,67.0
2465.0,7,101.0,3.2580645161290325,7.80658749147945,7,102.0,0.473683351547118,7,102.0
2470.0,13,161.0,5.75,6.323473194923499,13,162.0,0.4290768294414976,13,162.0
2475.0,3,13.0,0.3939393939393939,7.019894471835117,3,62.0,0.5784852227109172,3,62.0
2480.0,7,18.0,0.5,8.484498737404707,5,22.0,0.5916809559889779,5,22.0
2485.0,10,63.0,1.6153846153846154,9.513677904147542,8,57.0,0.5927977017375341,8,57.0
2490.0,10,105.0,2.6923076923076925,8.776562352335837,9,101.0,0.45470316485717915,9,101.0
2495.0,4,24.0,0.6486486486486487,8.476879034779955,4,46.0,0.6159140866853356,4,46.0
2500.0,5,41.0,1.0512820512820513,9.639201826347296,3,49.0,0.7069875928312741,3,49.0
2505.0,6,66.0,1.736842105263158,9.951563006857077,6,72.0,0.6765137174967039,6,72.0
2510.0,1,2.0,0.05405405405405406,9.429075054070227,1,2.0,0.6751529527066058,1,2.0
2515.0,6,25.0,0.7142857142857143,9.168292294155387,4,18.0,0.6207504863744334,4,18.0
2520.0,6,44.0,1.4193548387096775,9.22140293957396,5,39.0,0.45371984277358357,5,39.0
2525.0,1,3.0,0.08108108108108109,10.570772915183777,1,3.0,0.8664126118618694,1,3.0
2530.0,2,11.0,0.3235294117647059,11.018497043467802,1,8.0,0.8047926933457074,1,8.0
2535.0,4,30.0,1.0,10.078409697911836,3,22.0,0.6787992045464161,3,22.0
2540.0,8,48.0,1.5,7.7978494725017296,8,48.0,0.43863347457026197,8,48.0
2545.0,1,1.0,0.030303030303030304,9.519023778736967,1,25.0,0.6698161437963605,1,25.0
2550.0,3,6.0,0.17647058823529413,10.95546615015132,2,4.0,0.8258646876427793,2,4.0
2555.0,3,21.0,0.6176470588235294,10.564993834142795,2,14.0,0.7368655870282949,2,14.0
2560.0,5,44.0,1.2571428571428571,10.312717409487464,4,32.0,0.7187679148869518,4,32.0
2565.0,6,74.0,2.5517241379310347,8.119438385434831,4,52.0,0.5362580094602124,4,52.0
2570.0,3,5.0,0.14705882352941177,8.845373859533643,1,7.0,0.7213173872626351,1,7.0
2575.0,3,12.0,0.375,9.304025454507713,2,9.0,0.7299356749125406,2,9.0
2580.0,5,33.0,1.03125,9.744119662506828,3,20.0,0.6632504490061735,3,20.0
2585.0,5,44.0,1.1891891891891893,8.63070457769514,4,39.0,0.5305992650530358,4,39.0
2590.0,11,86.0,2.6875,8.234768206438503,11,86.0,0.46360664729523243,11,86.0
2595.0,1,8.0,0.22857142857142856,8.30305655159772,1,31.0,0.6303722904034932,1,31.0
2600.0,4,11.0,0.3333333333333333,8.323992823987991,3,9.0,0.5672209915143996,3,9.0
2605.0,9,49.0,1.4,8.856050992362338,7,37.0,0.5853536393253083,7,37.0
2610.0,2,2.0,0.05555555555555555,8.673786531017235,2,2.0,0.5660246432606242,2,2.0
2615.0,7,30.0,0.8333333333333334,9.503274383607527,6,27.0,0.6200156360192528,6,27.0
2620.0,7,51.0,1.3421052631578947,9.389278482567589,7,56.0,0.6021176997120429,7,56.0
2625.0,7,83.0,2.2432432432432434,9.087165226768901,7,94.0,0.5871362607371883,7,94.0
2630.0,10,130.0,3.823529411764706,7.372384218020786,10,141.0,0.4907447213433454,10,141.0
2635.0,13,185.0,5.967741935483871,5.997522764920299,13,196.0,0.2454736340363176,13,196.0
2640.0,5,23.0,0.6764705882352942,6.884318019687397,5,90.0,0.431864950431759,5,90.0
2645.0,2,6.0,0.13953488372093023,9.529749380430836,1,12.0,0.7429158987114614,1,12.0
2650.0,5,27.0,0.7105263157894737,9.852753247010593,4,28.0,0.6989087652698776,4,28.0
2655.0,2,13.0,0.325,9.629152982935366,2,33.0,0.5700350940573864,2,33.0
2660.0,10,51.0,1.3421052631578947,8.310633741785042,8,67.0,0.4129803937594961,8,67.0
2665.0,10,95.0,2.5675675675675675,8.752168035098215,10,115.0,0.4764399177621121,10,115.0
2670.0,11,143.0,3.9722222222222223,8.410007382253509,11,167.0,0.42794752364686794,11,167.0
2675.0,13,204.0,5.513513513513513,8.122846129925657,13,228.0,0.5039223872069252,13,228.0
2680.0,3,17.0,0.4857142857142857,6.460269347853419,2,123.0,0.4628727548467095,2,123.0
2685.0,5,10.0,0.2777777777777778,7.522406173078577,2,7.0,0.5859639692547842,2,7.0
2690.0,14,54.0,1.35,7.833157071564526,8,24.0,0.5269801044683164,8,24.0
2695.0,13,113.0,2.627906976744186,8.317400909010281,8,64.0,0.5147474545685649,8,64.0
2700.0,15,184.0,4.972972972972973,6.943158945447014,10,110.0,0.4279778022940915,10,110.0
2705.0,13,201.0,4.902439024390244,7.271667839661055,11,162.0,0.45867451419592103,11,162.0
2710.0,6,80.0,1.951219512195122,7.704106179737837,5,68.0,0.5673648759351242,5,68.0
2715.0,7,28.0,0.6511627906976745,9.053717163930733,5,56.0,0.6365901336935647,5,56.0
2720.0,8,57.0,1.2954545454545454,9.384924099832164,7,86.0,0.5646874696223712,7,86.0
2725.0,3,15.0,0.36585365853658536,9.75364771381341,3,19.0,0.6743110720120705,3,19.0
2730.0,8,39.0,1.0263157894736843,8.890415979822373,4,33.0,0.5749292052125259,4,33.0
2735.0,6,58.0,1.6111111111111112,9.135301785611816,4,53.0,0.6196281204801958,4,53.0
2740.0,2,2.0,0.05,10.539787402595115,1,1.0,0.8715614888137584,1,1.0
2745.0,2,10.0,0.2777777777777778,11.243138854238957,1,6.0,0.8513852030890603,1,6.0
2750.0,2,15.0,0.4838709677419355,11.231454820466144,2,15.0,0.7511672210547822,2,15.0
2755.0,1,2.0,0.0625,10.334182824024913,1,2.0,0.7233141783448497,1,2.0
2760.0,3,12.0,0.41379310344827586,10.15311947390629,1,5.0,0.6959906025357686,1,5.0
2765.0,5,35.0,1.09375,10.444058936653896,3,18.0,0.7669121788465768,3,18.0
2770.0,2,14.0,0.4375,10.378962760078961,1,16.0,0.7817275912851767,1,16.0
2775.0,3,17.0,0.5483870967741935,9.47314984540229,3,31.0,0.6371185830143518,3,31.0
2780.0,5,25.0,0.9259259259259259,7.489372034646455,4,23.0,0.4214769701766409,4,23.0
2785.0,2,2.0,0.058823529411764705,10.184666187823643,0,1.0,0.8859115725053824,0,1.0
2790.0,2,4.0,0.125,10.853405478941728,1,1.0,0.7983358887201083,1,1.0
2795.0,3,17.0,0.5,10.825395650161367,2,8.0,0.8009067351108531,2,8.0
2800.0,2,2.0,0.06060606060606061,9.80988372776713,2,2.0,0.7544416249121342,2,2.0
2805.0,7,21.0,0.7241379310344828,9.529978501893222,7,21.0,0.5664723145036832,7,21.0
2810.0,7,56.0,1.6,9.240752304257214,7,56.0,0.5812503785228416,7,56.0
2815.0,9,87.0,2.806451612903226,8.893856224826186,9,96.0,0.5139970501884716,9,96.0
2820.0,11,137.0,4.419354838709677,8.096296111580209,11,146.0,0.49208843040581834,11,146.0
2825.0,13,195.0,5.571428571428571,7.400234582028725,13,204.0,0.43886536122617315,13,204.0
2830.0,17,271.0,8.212121212121213,5.924349906097989,17,280.0,0.3615733597549266,17,280.0
2835.0,9,54.0,1.4210526315789473,6.135025295557784,8,144.0,0.45769936878178413,8,144.0
2840.0,6,23.0,0.5609756097560976,7.944673782492096,4,31.0,0.5586598932672071,4,31.0
2845.0,12,75.0,1.744186046511628,8.20378905211075,8,56.0,0.5354250648611765,8,56.0
2850.0,3,10.0,0.23255813953488372,7.984700591602153,1,19.0,0.43099956545781115,1,19.0
2855.0,10,47.0,1.0217391304347827,9.485456839599973,7,41.0,0.5886685487683113,7,41.0
2860.0,12,105.0,2.441860465116279,8.617428458929194,8,80.0,0.5355514642178247,8,80.0
2865.0,12,145.0,3.717948717948718,8.16195736636462,10,129.0,0.5358465580034716,10,129.0
2870.0,8,52.0,1.4857142857142858,6.781553568616956,7,65.0,0.4762018487241185,7,65.0
2875.0,7,38.0,0.9743589743589743,8.019782489077098,6,45.0,0.5257646280310261,6,45.0
2880.0,11,85.0,2.4285714285714284,7.668056245513863,7,74.0,0.40466609589093017,7,74.0
2885.0,2,17.0,0.38636363636363635,9.516763593726255,2,33.0,0.6972136869225982,2,33.0
2890.0,6,39.0,0.9512195121951219,9.24982829882597,3,40.0,0.7494283439247059,3,40.0
2895.0,9,81.0,2.25,8.627180203837957,5,62.0,0.6061488963527821,5,62.0
2900.0,2,36.0,0.972972972972973,7.433039779454681,2,50.0,0.5057901319292197,2,50.0
2905.0,5,26.0,0.7222222222222222,7.261286342059915,4,23.0,0.5916681485255926,4,23.0
2910.0,11,69.0,1.8157894736842106,8.047030296165513,7,51.0,0.5982962448387772,7,51.0
2915.0,2,15.0,0.36585365853658536,9.063061444072735,2,44.0,0.7218761446485628,2,44.0
2920.0,5,19.0,0.4523809523809524,8.705354339417928,1,9.0,0.7067469257267569,1,9.0
2925.0,9,43.0,1.162162162162162,7.761923640122825,7,31.0,0.5765125110801638,7,31.0
2930.0,0,0.0,0.0,8.697752145423204,0,13.0,0.6403699145386803,0,13.0
2935.0,6,23.0,0.575,9.566068644439659,4,17.0,0.6905152180079964,4,17.0
2940.0,8,61.0,1.6944444444444444,9.266438029359884,5,41.0,0.6473384031582663,5,41.0
2945.0,1,1.0,0.02631578947368421,8.607344389044723,1,15.0,0.6628897695891074,1,15.0
2950.0,8,27.0,0.8181818181818182,8.780778422125033,6,20.0,0.6238258027317973,6,20.0
2955.0,7,52.0,1.368421052631579,8.935500609826974,7,52.0,0.5964024060107039,7,52.0
2960.0,8,89.0,2.4722222222222223,8.78717079603964,8,89.0,0.4985880402298757,8,89.0
2965.0,11,140.0,4.117647058823529,8.309255233717733,11,140.0,0.4828468098443397,11,140.0
2970.0,5,29.0,0.8529411764705882,6.740057304447907,4,70.0,0.39810799420342174,4,70.0
2975.0,5,14.0,0.3888888888888889,8.755217848018573,2,14.0,0.6692420847341451,2,14.0
2980.0,8,44.0,1.1,9.168633752767231,4,22.0,0.7269895277733244,4,22.0
2985.0,7,69.0,1.6428571428571428,9.676274772238443,5,37.0,0.6506906778351788,5,37.0
2990.0,1,11.0,0.2894736842105263,9.289719042047414,1,12.0,0.746969479204581,1,12.0
2995.0,8,37.0,1.0277777777777777,8.477394080954841,6,30.0,0.3580001014024808,6,30.0
3000.0,9,59.0,1.7878787878787878,8.790728115654202,9,62.0,0.44095084167462967,9,62.0
3005.0,9,104.0,2.5365853658536586,9.466076674944468,9,107.0,0.5420184162743157,9,107.0
3010.0,11,157.0,4.617647058823529,8.295700816287981,11,160.0,0.5241656642805579,11,160.0
3015.0,13,218.0,6.8125,6.999814755077415,13,221.0,0.4351323547128615,13,221.0
3020.0,18,294.0,8.909090909090908,5.009417008139001,17,296.0,0.2894741882761803,17,296.0
3025.0,8,35.0,0.8974358974358975,7.237536840645378,6,81.0,0.5294184347714386,6,81.0
3030.0,4,17.0,0.4358974358974359,8.338246383945023,2,39.0,0.5609795530493841,2,39.0
3035.0,8,36.0,0.782608695652174,10.070686763724245,6,42.0,0.6688753654059458,6,42.0
3040.0,2,18.0,0.4186046511627907,9.492562867435625,1,36.0,0.6437795685714031,1,36.0
3045.0,8,40.0,1.0810810810810811,8.257721586242717,7,57.0,0.48492237743330185,7,57.0
3050.0,11,84.0,2.210526315789474,8.133032888281015,9,100.0,0.47488113755541234,9,100.0
3055.0,2,3.0,0.07894736842105263,8.93522760215256,1,50.0,0.5933402042689195,1,50.0
3060.0,4,18.0,0.5,9.415468513864385,2,10.0,0.6504315034755751,2,10.0
3065.0,8,53.0,1.4324324324324325,8.977716703486085,3,25.0,0.6964049811032417,3,25.0
3070.0,3,19.0,0.48717948717948717,9.359577090499851,1,20.0,0.682216149811262,1,20.0
3075.0,6,31.0,0.8857142857142857,9.312061693058677,5,42.0,0.6104828391737244,5,42.0
3080.0,4,36.0,0.9473684210526315,9.616094981877584,4,36.0,0.6211052352952792,4,36.0
3085.0,6,62.0,1.8235294117647058,10.415409252267654,5,61.0,0.627972085941394,5,61.0
3090.0,9,91.0,2.757575757575758,8.367483958089913,9,91.0,0.41657402093365614,9,91.0
3095.0,1,3.0,0.09375,8.349212855275269,1,16.0,0.6251049432005962,1,16.0
3100.0,5,15.0,0.4411764705882353,10.07229379638692,2,7.0,0.8157383381390959,2,7.0
3105.0,5,32.0,0.9142857142857143,10.03173579596075,3,18.0,0.6594438716252521,3,18.0
3110.0,9,69.0,1.864864864864865,9.304728431324504,7,45.0,0.5435100962195871,7,45.0
3115.0,10,75.0,2.4193548387096775,7.002356945799634,10,82.0,0.3968570601790512,10,82.0
3120.0,10,120.0,4.0,7.798142595737842,10,130.0,0.418404392563478,10,130.0
3125.0,2,3.0,0.07894736842105263,9.281934381841694,1,43.0,0.713238764422445,1,43.0
3130.0,4,16.0,0.42105263157894735,10.61430426016421,2,8.0,0.7649410397401863,2,8.0
3135.0,3,23.0,0.6388888888888888,10.714745496267366,3,18.0,0.6963231084538705,3,18.0
3140.0,2,4.0,0.11764705882352941,8.658873152672728,2,6.0,0.3534171806179328,2,6.0
3145.0,4,23.0,0.696969696969697,10.872673146137956,4,23.0,0.7118837691951119,4,23.0
3150.0,4,43.0,1.34375,10.630025337925016,4,43.0,0.6113185714965722,4,43.0
3155.0,0,0.0,0.0,10.524835123953105,0,0.0,0.8457428838804135,0,0.0
3160.0,5,13.0,0.43333333333333335,9.823556747385574,2,7.0,0.7720734455365184,2,7.0
3165.0,6,28.0,0.9655172413793104,9.019055743425406,6,28.0,0.5289097049942622,6,28.0
3170.0,8,67.0,1.8611111111111112,9.638607680132589,8,67.0,0.5582893377980905,8,67.0
3175.0,0,0.0,0.0,9.411755279727709,0,22.0,0.6667134536575481,0,22.0
3180.0,3,13.0,0.43333333333333335,11.334767154333017,2,8.0,0.8073387813006008,2,8.0
3185.0,4,33.0,1.0,10.071076812564806,2,18.0,0.6994666548575313,2,18.0
3190.0,4,37.0,1.088235294117647,11.398137094604914,4,37.0,0.7060845695692876,4,37.0
3195.0,0,0.0,0.0,10.10644759589426,0,0.0,0.7229478678507533,0,0.0
3200.0,0,0.0,0.0,11.167666995666943,0,0.0,0.8237415753947321,0,0.0
3205.0,2,7.0,0.22580645161290322,11.872251501054746,2,7.0,0.8120894454658077,2,7.0
3210.0,3,18.0,0.6428571428571429,9.251619470738245,3,18.0,0.42672989378871357,3,18.0
3215.0,2,2.0,0.07407407407407407,9.216940096317146,0,3.0,0.8883237513892366,0,3.0
3220.0,2,9.0,0.28125,11.309948388788541,0,0.0,0.9544240219301822,0,0.0
3225.0,2,11.0,0.3548387096774194,9.496314457855613,1,2.0,0.6474702016747236,1,2.0
3230.0,0,0.0,0.0,10.32146666027404,0,0.0,0.849831475403758,0,0.0
3235.0,5,14.0,0.4666666666666667,9.118349215984702,4,9.0,0.5148479228859487,4,9.0
3240.0,8,41.0,1.4642857142857142,8.656079193024635,8,42.0,0.39709383271241006,8,42.0
3245.0,1,1.0,0.03125,9.702656507899317,0,0.0,0.837150658478458,0,0.0
3250.0,1,3.0,0.08823529411764706,11.037121986434752,0,0.0,0.8764259367400276,0,0.0
3255.0,3,15.0,0.4838709677419355,9.75355929440138,2,7.0,0.6696758936363719,2,7.0
3260.0,6,30.0,0.8823529411764706,8.310177029913637,6,31.0,0.48663265013570417,6,31.0
3265.0,3,3.0,0.08823529411764706,8.821794731951938,1,8.0,0.7475187441618637,1,8.0
3270.0,6,25.0,0.7142857142857143,9.955301274415918,3,13.0,0.7599365154822556,3,13.0
3275.0,7,51.0,1.4166666666666667,9.5378320382669,5,32.0,0.6908957284485331,5,32.0
3280.0,5,57.0,1.6285714285714286,8.525545284607558,5,57.0,0.5332823644992056,5,57.0
3285.0,2,3.0,0.09375,7.625177566340639,2,13.0,0.5429697252746383,2,13.0
3290.0,6,11.0,0.3055555555555556,8.890887645280035,4,9.0,0.6214008147090564,4,9.0
3295.0,10,49.0,1.3243243243243243,8.715897008655752,8,40.0,0.5708120861444571,8,40.0
3300.0,8,80.0,2.2222222222222223,8.99916848703337,8,80.0,0.5590569648409248,8,80.0
3305.0,2,3.0,0.08571428571428572,7.887963016960532,1,16.0,0.5807868949585786,1,16.0
3310.0,10,36.0,1.0588235294117647,8.279412073599987,7,31.0,0.5625078235749207,7,31.0
3315.0,9,69.0,1.725,9.109992443587805,9,69.0,0.5817239719794669,9,69.0
3320.0,3,4.0,0.10526315789473684,8.468181489167895,2,34.0,0.5290830092604506,2,34.0
3325.0,6,27.0,0.7941176470588235,9.344930207638518,4,23.0,0.6538345345573384,4,23.0
3330.0,5,45.0,1.3235294117647058,9.13509604386682,5,45.0,0.5542549737942134,5,45.0
3335.0,3,6.0,0.15384615384615385,9.293986785270718,3,22.0,0.6430244693651636,3,22.0
3340.0,5,26.0,0.7027027027027027,10.698931142421538,5,26.0,0.7117086765066422,5,26.0
3345.0,5,51.0,1.5,10.433713603437273,5,51.0,0.6365604193076629,5,51.0
3350.0,3,18.0,0.5294117647058824,8.8497340639582,3,22.0,0.604133535176276,3,22.0
3355.0,3,16.0,0.5714285714285714,8.72944436300724,3,17.0,0.5199175192261161,3,17.0
3360.0,6,41.0,1.3225806451612903,10.396760464110129,6,42.0,0.541890845934857,6,42.0
3365.0,7,72.0,1.894736842105263,10.173110367811045,7,73.0,0.5932390888078999,7,73.0
3370.0,0,0.0,0.0,10.397355193188623,0,22.0,0.832161088247434,0,22.0
3375.0,3,8.0,0.26666666666666666,10.044253909210417,1,1.0,0.7715499611222971,1,1.0
3380.0,5,16.0,0.5161290322580645,8.60533700640983,5,15.0,0.4827942587288812,5,15.0
3385.0,8,50.0,1.3888888888888888,9.657002096498855,8,49.0,0.5488305513479896,8,49.0
3390.0,0,0.0,0.0,9.025107865257253,0,2.0,0.7151066025510217,0,2.0
3395.0,3,9.0,0.25,10.621013211406119,2,7.0,0.8146027929699461,2,7.0
3400.0,2,17.0,0.5151515151515151,10.966079277213993,2,12.0,0.8059936684605011,2,12.0
3405.0,5,35.0,1.0294117647058822,9.622287537959295,4,27.0,0.6578082600374571,4,27.0
3410.0,5,53.0,1.7666666666666666,8.20467225211448,5,33.0,0.50186583386345,5,33.0
3415.0,10,97.0,3.03125,8.367664359827897,10,77.0,0.5196101228720608,10,77.0
3420.0,1,2.0,0.0625,8.711718691738106,1,10.0,0.6869372467344987,1,10.0
3425.0,2,9.0,0.2647058823529412,9.941925951551125,1,7.0,0.7008222099092544,1,7.0
3430.0,7,30.0,0.8333333333333334,9.290297578415233,7,30.0,0.5545284036027383,7,30.0
3435.0,9,73.0,1.9210526315789473,9.27592997679408,9,73.0,0.5326407340334868,9,73.0
3440.0,10,122.0,3.696969696969697,8.297063327719522,10,122.0,0.5195390072031424,10,122.0
3445.0,12,178.0,5.393939393939394,7.2707748505344165,11,176.0,0.3930022896175288,11,176.0
3450.0,15,242.0,6.722222222222222,6.435393167954565,15,242.0,0.33637041193913725,15,242.0
3455.0,5,35.0,1.0294117647058822,6.0579273692982065,5,107.0,0.4412423764764853,5,107.0
3460.0,5,13.0,0.325,8.722076035625582,2,14.0,0.7169277465089722,2,14.0
3465.0,7,44.0,1.0476190476190477,9.47300159655416,3,18.0,0.6872731522436347,3,18.0
3470.0,7,53.0,1.2325581395348837,9.463993675645538,6,41.0,0.5477070934801372,6,41.0
3475.0,10,100.0,2.5,8.60489079589289,9,83.0,0.4403540525447377,9,83.0
3480.0,2,2.0,0.0625,8.130283951062236,1,20.0,0.6432195843780285,1,20.0
3485.0,3,10.0,0.25,10.276206991701443,2,6.0,0.809843949369615,2,6.0
3490.0,6,32.0,0.8888888888888888,10.325126469522264,4,19.0,0.7427275137463676,4,19.0
3495.0,4,39.0,1.0263157894736843,9.75641387251901,4,39.0,0.6247161629702903,4,39.0
3500.0,10,76.0,2.375,7.179815315436384,10,76.0,0.26923373411242235,10,76.0
3505.0,12,134.0,3.9411764705882355,8.176788179839804,12,134.0,0.47581024267201183,12,134.0
3510.0,12,194.0,5.705882352941177,7.733015331170897,12,194.0,0.4110815111013854,12,194.0
3515.0,0,0.0,0.0,8.879789139782636,0,35.0,0.7504934097825355,0,35.0
3520.0,3,6.0,0.16216216216216217,10.11361276756423,2,3.0,0.750587287025172,2,3.0
3525.0,4,20.0,0.5405405405405406,9.887444059830935,2,11.0,0.6945370081937506,2,11.0
3530.0,1,1.0,0.023809523809523808,9.862632897959715,1,2.0,0.7113600840452869,1,2.0
3535.0,4,16.0,0.5161290322580645,10.019341701680796,3,12.0,0.7150075611201364,3,12.0
3540.0,4,36.0,1.125,10.06391367924792,3,27.0,0.6712134414470998,3,27.0
3545.0,8,65.0,1.8055555555555556,8.93955125584795,7,51.0,0.504144820908294,7,51.0
3550.0,1,5.0,0.16666666666666666,9.197224091211455,1,11.0,0.7527904004177429,1,11.0
3555.0,0,0.0,0.0,10.120779630858872,0,0.0,0.7073280613819658,0,0.0
3560.0,6,19.0,0.5588235294117647,10.365273405854644,6,19.0,0.6212549611053524,6,19.0
3565.0,6,49.0,1.2894736842105263,10.244721385207242,6,49.0,0.6119534971237424,6,49.0
3570.0,0,0.0,0.0,8.646757255089954,0,12.0,0.6579807062551716,0,12.0
3575.0,4,15.0,0.4838709677419355,9.522204260401388,3,11.0,0.7048607830175998,3,11.0
3580.0,6,43.0,1.2647058823529411,10.152826858152302,5,34.0,0.7040211257155258,5,34.0
3585.0,2,2.0,0.05714285714285714,9.673913023046001,1,1.0,0.7881682432555096,1,1.0
3590.0,5,16.0,0.5161290322580645,9.061021312509455,4,12.0,0.6044031596718352,4,12.0
3595.0,9,54.0,1.6875,8.548333270980306,8,45.0,0.528992310347414,8,45.0
3600.0,11,104.0,3.466666666666667,7.45537683663329,10,90.0,0.3362906028994841,10,90.0
