seed,fixed_delay,fixed_done,actuated_delay,actuated_done,dqn_delay,dqn_done
42,60.81911649726347,1279,55.4132498101747,1317,55.4132498101747,1317
43,54.462854950115116,1303,57.18237986270022,1311,57.18237986270022,1311
44,55.29532517215003,1307,53.59665641813987,1301,53.59665641813987,1301
45,58.99998425196852,1270,52.783794676806096,1315,51.08878067484665,1304
46,56.92439759036148,1328,61.60931410756044,1283,61.60533333333335,1290
47,54.79028265851795,1309,55.09041698256261,1319,54.40198177676538,1317
48,52.76950151057399,1324,57.48843678160912,1305,55.795201238390085,1292
49,50.360644427596675,1319,54.56525384615386,1300,53.767091882247996,1121
50,55.96626040878135,1321,57.441488372092934,1290,58.37208909370198,1302
51,334.93893238434134,843,53.78495836487511,1321,53.78495836487511,1321
