controller,scenario,seed,min_green,delay_per_trip,trips
green_wave,corridor_peak,42,10,14.476447010869569,2944
green_wave,corridor_peak,43,10,14.80266933600269,2997
green_wave,corridor_peak,44,10,14.52858935232282,2949
max_pressure,corridor_peak,42,10,26.67093505610337,2941
max_pressure,corridor_peak,43,10,26.45607382550335,2980
max_pressure,corridor_peak,44,10,28.639611451942823,2934
idqn,corridor_peak,42,10,17.66555442176877,2940
idqn,corridor_peak,43,10,16.78445001671682,2991
idqn,corridor_peak,44,10,16.696307222787393,2949
